{
  "version": 1,
  "author": "defina hazimah",
  "editor": "wokwi",
  "parts": [
    {
      "type": "wokwi-led",
      "id": "led1",
      "top": -99.6,
      "left": 157.8,
      "attrs": { "color": "red", "flip": "1" }
    },
    {
      "type": "wokwi-led",
      "id": "led2",
      "top": -99.6,
      "left": 186.6,
      "attrs": { "color": "yellow", "flip": "1" }
    },
    {
      "type": "wokwi-led",
      "id": "led3",
      "top": -99.6,
      "left": 215.4,
      "attrs": { "color": "green", "flip": "1" }
    },
    {
      "type": "wokwi-dht22",
      "id": "dht1",
      "top": -95.7,
      "left": -15,
      "attrs": { "temperature": "3.6", "humidity": "40" }
    },
    {
      "type": "wokwi-resistor",
      "id": "r1",
      "top": 148.25,
      "left": 123.4,
      "rotate": 180,
      "attrs": { "value": "1000" }
    },
    {
      "type": "wokwi-resistor",
      "id": "r2",
      "top": 167.45,
      "left": 123.4,
      "rotate": 180,
      "attrs": { "value": "1000" }
    },
    {
      "type": "wokwi-resistor",
      "id": "r3",
      "top": 129.05,
      "left": 123.4,
      "rotate": 180,
      "attrs": { "value": "1000" }
    },
    { "type": "wokwi-gnd", "id": "gnd1", "top": -76.8, "left": 258.6, "attrs": {} },
    { "type": "board-esp32-devkit-c-v4", "id": "esp1", "top": 0, "left": -81.56, "attrs": {} },
    {
      "type": "wokwi-buzzer",
      "id": "bz1",
      "top": -103.2,
      "left": 59.4,
      "attrs": { "volume": "0.1" }
    },
    { "type": "wokwi-relay-module", "id": "relay4", "top": 269, "left": -48, "attrs": {} }
  ],
  "connections": [
    [ "led1:A", "r3:1", "gray", [ "v28.8" ] ],
    [ "led2:A", "r1:1", "gray", [ "v0" ] ],
    [ "led3:A", "r2:1", "gray", [ "v0" ] ],
    [ "led3:C", "gnd1:GND", "black", [ "v28.8", "h38" ] ],
    [ "led2:C", "gnd1:GND", "black", [ "v28.8", "h38" ] ],
    [ "led1:C", "gnd1:GND", "black", [ "v28.8", "h38" ] ],
    [ "dht1:VCC", "esp1:3V3", "red", [ "v9.6", "h57.6", "v-57.6" ] ],
    [ "dht1:SDA", "esp1:32", "green", [ "v0" ] ],
    [ "dht1:GND", "esp1:GND.1", "black", [ "v9.6", "h19.2", "v67.2" ] ],
    [ "relay4:VCC", "esp1:5V", "red", [ "h-9.6", "v-57.6" ] ],
    [ "relay4:GND", "esp1:GND.1", "black", [ "h-19.2", "v-115.6" ] ],
    [ "relay4:IN", "esp1:13", "green", [ "h-28.8", "v-115.4", "h47.85" ] ],
    [ "r2:2", "esp1:17", "green", [ "h-8.4", "v-67.2" ] ],
    [ "r1:2", "esp1:5", "green", [ "v0" ] ],
    [ "r3:2", "esp1:18", "green", [ "h-8.4", "v67.2" ] ],
    [ "bz1:1", "esp1:GND.3", "black", [ "v0" ] ],
    [ "bz1:2", "esp1:19", "green", [ "v0" ] ]
  ],
  "dependencies": {}
}